{
    "projects": [
        
            {
              "id": "7g8h9i",
              "title": "محطة الضبعة النووية",
              "category": ["طاقة نووية"],
              "image": "https://vid.alarabiya.net/images/2024/04/15/55e48f0c-bc15-49e5-94a5-92a08a48b45b/55e48f0c-bc15-49e5-94a5-92a08a48b45b_16x9_1200x676.jpg?width=801&format=jpg",
              "location": "محافظة مطروح",
              "status": "جاري التنفيذ",
              "budget": "28.75 مليار دولار",
              "date": {
                "start": "2015",
                "end": "2030"
              },
              "capacity": "4.8 جيجاواط",
              "description": "أول محطة طاقة نووية في مصر بتكنولوجيا روسية متطورة",
              "details": {
                "openWords": "includeVideo(\"https://www.youtube-nocookie.com/embed/1YFLW0ltHXI?&amp;autoplay=1&amp;mute=1\")\nالمشروع موضح في كلام \"رئيس مجلس الوزراء\" بالفيديو المرفق من (الدقيقة 36:50 إلى 39:15) \nجاري إنشاء محطة نووية بمدينة الضبعة لتوليد الكهرباء حيث تم توقيع عقد تنفيذها مع الجانب الروسي وتتضمن 4 مفاعلات نووية من الجيل الثالث المطور والذي يتميز بارتفاع معدلات الأمان وبساطة التصميم وانخفاض التكاليف والعمر الافتراضي الكبير الذي يصل إلى أكثر من 60 عاما مقارنة بالمحطات الحرارية والتي يقدر العمر الافتراضي لها حوالي 3 عاما حيث تصل الطاقة الإنتاجية للمفاعل الواحد إلى\n1200 ميجاوات ومخطط تنفيذ المحطة ودخول الوحدة الأولى الخدمة عام 2024 وسيتم تشغيلها طبقا لمعايير أمان صارمة على صعيدي البيئة والأمان النووي حيث تم تصميمها لتقاوم خطأ المشغل البشري مع إنشاء وعاء الاحتواء الخرساني ليتحمل اصطدام طائرة تجارية بوزن 400 طن وبسرعة 150 متر / الثانية.\nكما سيؤهل هذا المشروع العلماء والمهندسين المصريين في مجال تكنولوجيا المحطات النووية والأمان النووي وسيؤدي إلى توفير فرص عمل للشباب خلال مراحل التنفيذ سواء في مجالات الإنشاءات أو\nالصناعات المكملة أو المجالات الأخرى، وجاري حاليا استكمال إنشاء الاسوار وأبراج الحراسة والبوابات للمحطة وإنشاء مدينة سكنية لأهالي الضبعة حيث تم تحديد موقعها طبقا لمواصفات الأمان للمفاعلات النووية وتشمل 1500 منزل بدوي كل منهم بمساحة 300 م ومنشآت إدارية وخدمية بالإضافة إلى تجمع سكني للعاملين بالمحطة يشمل 2050 وحدة سكنية متنوعة المساحات ومنشآت إدارية وخدمية، بتكلفة 28،5 مليار دولار.\n[[https://www.rosatom.ru/|الموقع الرسمي للشريك الروسي]]",
                "area": 45,
                "technology": "مفاعلات VVER-1200 ذات الماء المضغوط",
                "phases": [
                  "تمهيد الموقع 2015-2020",
                  "بناء الهياكل الخرسانية 2021-2024",
                  "تركيب الأنظمة الفنية 2025-2030"
                ],
                "benefits": [
                  "توفير 10 مليارات متر مكعب من الغاز سنويًا",
                  "إنتاج طاقة مستدامة لمدة 60 عامًا",
                  "خفض انبعاثات الكربون بمقدار 14 مليون طن سنويًا"
                ],
                "partners": [
                  "هيئة المحطات النووية المصرية",
                  "شركة روساتوم الروسية"
                ]
              }
            },
            {
              "id": "b2c3d4",
              "title": "مجمع بنبان للطاقة الشمسية",
              "category": ["طاقة شمسية"],
              "image": "https://www.presidency.eg/media/75370/80700-whatsapp-image-2019-05-07-at-33132-pm-2-jpeg.jpeg",
              "location": "محافظة أسوان",
              "status": "مكتمل",
              "budget": "2 مليار دولار",
              "date": {
                "start": "2015",
                "end": "2019"
              },
              "capacity": "1.465 جيجاواط",
              "description": "أكبر مشروع للطاقة الشمسية في أفريقيا بقدرة 1.5 جيجاواط",
              "details": {
                
                "openWords": "includeVideo(\"https://www.youtube-nocookie.com/embed/ffmB5RWBI9k?&amp;autoplay=1&amp;mute=1\")\n المشروع موضح بالفيديو المرفق في الوقت الزمني (من ٢:١٤:٤٨ إلى ٢:١٥:٥٧).\n افتتحها السيد الرئيس عبد الفتاح السيسي، بواسطة الفيديو كونفرانس وذلك خلال افتتاح سيادته محطة كهرباء العاصمة الإدارية الجديدة.\n \n تعد الطاقة الشمسية أهم مصدر حميد للطاقة على الكرة الأرضية، وتقع مصر جغرافيًّا بين خطي عرض ٢٢ و٣١,٥ شمالًا، وبهذا تقع مصر في قلب الحزام الشمسي العالمي، ومن ثم تعد من أغنى دول العالم بالطاقة الشمسية. ويتم إنشاء أكبر محطة لتوليد الطاقة الشمسية على أرض قرية بنبان بمحافظة أسوان، وتعتبر أكبر محطة بالعالم، حيث سيتم توليد ما يعادل ٩٠٪ من الطاقة المنتجة من السد العالي، في إطار الاستراتيجية التي وضعتها هيئة الطاقة الجديدة والمتجددة، وتستهدف أن يكون ٢٠٪ من إنتاج الكهرباء في مصر من الطاقة النظيفة بحلول عام ٢٠٢٢، بتكلفة تبلغ حوالي ٢ مليار دولار.\n \n وتُعَد محافظة أسوان جوهرة النيل الساحرة، وأرض التحديات والبطولات، كانت وما زالت محطة مهمة في تنفيذ العديد من المشروعات القومية العملاقة التي تعكس الآمال والطموحات في غد أفضل. وتختلف محافظة أسوان عن سائر محافظات جنوب مصر في عدد من المؤشرات الاقتصادية والاجتماعية والأنثروبولوجية والتاريخية والثقافية التي تجعلها بوابة الاستثمار في الجنوب.\n \n يُنظَر لأسوان على أنها مستقبل الجنوب وفقًا لدراسات تنمية جنوب مصر، ويُتوقَّع أن يتحقّق بها أعلى معدل نمو اقتصادي في الجنوب، كما يُتوقَّع أن تستأثر بالنصيب الأكبر من الجذب السكاني في خطة تنمية جنوب مصر؛ حيث إنها غير طاردة للسكان وتُعَد موردًا تنمويًّا واعدًا بدرجة تسمح باستيعاب نحو أكثر من مليون نسمة إضافية، ليرتفع نصيبها من نسبة ٩,٧٪ من عدد سكان الإقليم عام ١٩٩٦ إلى ١٣,٣٪ عام ٢٠١٧ . \n [[https://www.nrea.gov.eg/ | الموقع الرسمي للهيئة]]",
                "area": 37,
                "technology": "ألواح فوتوفولتية متعددة البلورات",
                "phases": [
                  "المرحلة الأولى: 2015-2017 (500 ميجاوات)",
                  "المرحلة الثانية: 2018-2019 (1.3 جيجاوات)"
                ],
                "benefits": [
                  "توفير 2 مليون طن من الوقود الأحفوري سنويًا",
                  "تشغيل 4000 عامل خلال فترة البناء",
                  "جذب استثمارات أجنبية بقيمة 2 مليار دولار"
                ],
                "partners": [
                  "البنك الدولي",
                  "الوكالة الفرنسية للتنمية",
                  "شركة سكاتك النرويجية"
                ]
              }
            },
            {
              "id": "e5f6g7",
              "title": "مزرعة رياح غرب بكر",
              "category": ["طاقة رياح"],
              "image": "https://aboutmsr.com/wp-content/uploads/2024/05/Wind_offshore_sunset_sh18-scaled-1-1024x679.jpg",
              "location": "محافظة البحر الأحمر",
              "status": "جاري التنفيذ",
              "budget": 325000000,
              "date": {
                "start": "2021",
                "end": "2023"
              },
              "capacity": "0.25 جيجاواط",
              "description": "أول مشروع رياح بالتمويل الأخضر في مصر",
              "details": {
                "openWords": "تقع محطة رياح غرب بكر تقع على بعد 30 كيلومتراً شمال غرب رأس غارب، في خليج السويس ،وقد بدأت شركة سيمينس جاميسا بناء المحطة في اكتوبر 2019 ، وهو ما يأتي انطلاقًا من التزامها المتزايد بنمو الطاقة النظيفة في مصر، وستقوم الشركة بتركيب 96 توربين «SG 2.6-114» لتوليد الطاقة المتجددة من الرياح، وعقد المحطة الجديدة هو عقد تسليم مفتاح ويتضمن تعاقد للصيانة طويل الأجل لمدة 15 عام.\n\nسيتم تسليم أول توربينات الرياح في منتصف عام 2020، ومن المقرر أن يتم تشغيل المشروع بالكامل في عام 2021، وقد تم توقيع اتفاقية شراء الطاقة وعقد اتصال المحطة بشبكة الكهرباء من قبل شركة ليكيلا مع الشركة المصرية لنقل الكهرباء وهيئة الطاقة الجديدة والمتجددة في وقت سابق  ، إذ ستنتج محطة غرب بكر الهوائية أكثر من ألف ميجاوات في العام، لتزويد من 350 ألف منزل باحتياجاتهم من الكهرباء، وتوفير حوالي 550 ألف طن من انبعاثات ثاني أكسيد الكربون سنويًا.\n\nوسيتم تنفيذ جميع الأعمال المدنية ومعظم الأعمال الكهربائية واللوجستية بواسطة مقاولين مصريين، كما سيتم إنتاج غالبية أبراج توربينات الرياح في مصر، ويمكن القول أنه إجمالًا سيتم تنفيذ 70% تقريبًا من المشروع بسواعد مصرية مما يدعم الاقتصاد المصري.\n\nوبانتهاء تنفيذ هذا المشروع ستزيد الطاقة المنتجة من الرياح في مصر بنسبة 18%، لتصل إلى 1650 ميجاوات، وهو جزء من مشروعات الحكومة للبناء والتملك والتشغيل (BOO)، وسيكون خطوة قوية لمصر في طريق تنفيذ خطتها لتنويع مصادر الطاقة والوصول بإنتاجها من الطاقة المتجددة إلى 20% من إجمالي إنتاجها من الطاقة بحلول عام 2022.",
                "area": 45,
                "technology": "توربينات GE 2.5-116",
                "phases": [
                  "تأسيس البنية التحتية: 2021-2022",
                  "تركيب التوربينات: 2022-2023"
                ],
                "benefits": [
                  "تجنب 550 ألف طن من انبعاثات الكربون سنويًا",
                  "توفير الطاقة لـ 350 ألف منزل",
                  "إنشاء 1200 فرصة عمل خلال الإنشاءات"
                ],
                "partners": [
                  "شركة ليكيلا البريطانية",
                  "الشركة المصرية لنقل الكهرباء",
                  "بنك الاستثمار الأوروبي"
                ]
              }
            },
         
              {
                "id": "12345",
                "title": "مزرعة رياح جبل الزيت",
                "category": ["طاقة رياح"],
                "image": "https://www.nrea.gov.eg/Content/images/wind/gablelzait.jpg",
                "location": "السويس",
                "status": "قيد التشغيل",
                "budget": "غير متاح",
                "date": {
                  "start": "2018",
                  "end": "2020"
                },
                "capacity": "0.58 جيجاواط",
                "description": "واحدة من أكبر مزارع الرياح في الشرق الأوسط وشمال أفريقيا.",
                "details": {
                  "openWords": "تتكون من 3 محطات فرعية، وتستخدم أحدث التقنيات في توربينات الرياح.",
                  "area": "100 كيلومتر مربع",
                  "technology": "توربينات رياح أفقية",
                  "phases": [
                    "المرحلة الأولى: 2018-2019",
                    "المرحلة الثانية: 2019-2020"
                  ],
                  "benefits": [
                    "توفير طاقة نظيفة ومتجددة",
                    "تقليل الانبعاثات الكربونية",
                    "توفير فرص عمل",
                    "دعم التنمية المستدامة"
                  ],
                  "partners": [
                    "هيئة الطاقة الجديدة والمتجددة",
                    "عدد من الشركات العالمية"
                  ]
                }
              },
              {
                "id": "67890",
                "title": "مزرعة رياح خليج السويس",
                "category": ["طاقة رياح"],
                "image": "https://www.nrea.gov.eg/Content/images/wind/windsuez.jpg",
                "location": "السويس",
                "status": "قيد الإنشاء",
                "budget": "1.5 مليار دولار",
                "date": {
                  "start": "2022",
                  "end": "2025"
                },
                "capacity": "1.1 جيجاواط",
                "description": "مشروع ضخم يهدف إلى زيادة القدرة الإنتاجية لمصر من طاقة الرياح.",
                "details": {
                  "openWords": "يستخدم أحدث التقنيات في توربينات الرياح، ويهدف إلى توفير الطاقة النظيفة لأكثر من مليون منزل.",
                  "area": "غير متاح",
                  "technology": "توربينات رياح متطورة",
                  "phases": [
                    "المرحلة الأولى: 2022-2023",
                    "المرحلة الثانية: 2023-2025"
                  ],
                  "benefits": [
                    "توفير طاقة نظيفة ومتجددة",
                    "تقليل الانبعاثات الكربونية",
                    "توفير فرص عمل",
                    "دعم التنمية المستدامة"
                  ],
                  "partners": [
                    "شركة أكوا باور",
                    "الشركة المصرية لنقل الكهرباء"
                  ]
                }
              },
                {
                "id": "13579",
                "title": "مزرعة رياح غرب سهيل",
                "category": ["طاقة رياح"],
                "image": "https://egy-map.com/uploads/projects/photos/495-photo-15646799255d431ef5123e6.jpg",
                "location": "أسوان",
                "status": "قيد الدراسة",
                "budget": "400 مليون دولار",
                "date": {
                  "start": "2024",
                  "end": "2027"
                },
                "capacity": "0.5 جيجاواط",
                "description": "مشروع يهدف إلى استغلال طاقة الرياح في صعيد مصر.",
                "details": {
                  "openWords": "includeimg(\"https://egy-map.com/uploads/projects/photos/495-photo-15646799255d431ef510c3b.jpg\")من موقع انشاء مزرعه رياح راس غارب بقدره ٢٥٠ ميجا وات استعداداً لافتتاحها خلال الفتره القادمه، تنفيذ شركة اوراسكوم المصريه وانجين الفرنسيه وتويتا اليابانيه بتكلفة 400 مليون دولار.\n\nيذكر ان السيسى افتتح مزرعه جبل الزيت يوليو 2018 بقدره 580 ميجا وات وهى الاكبر فالشرق الاوسط وجارى تنفيذ عده مزارع اخرى بالتعاون مع اسبانيا وفرنسا واليابان وبريطانيا ضمن خطه مصر توليد 11 الف ميجا من الرياح فقط عام 2030 لتصبح 8 اكبر دوله فالعالم تولد الكهرباء من الرياح من خلال انشاء مزارع رياح على شواطىء الأحمر وغرب النيل .",
                  "area": "غير متاح",
                  "technology": "توربينات رياح متوسطة الحجم",
                  "phases": [
                    "المرحلة الأولى: 2024-2025",
                    "المرحلة الثانية: 2025-2027"
                  ],
                  "benefits": [
                    "توفير طاقة نظيفة ومتجددة",
                    "توفير فرص عمل للمجتمعات المحلية",
                    "دعم التنمية الاقتصادية",
                    "تقليل الاعتماد على الوقود الأحفوري"
                  ],
                  "partners": [
                    "هيئة الطاقة الجديدة والمتجددة",
                    "محافظة أسوان"
                  ]
                }
              },
                {
                "id": "24680",
                "title": "مزرعة رياح رأس غارب",
                "category": ["طاقة رياح"],
                "image": "https://egy-map.com/uploads/projects/photos/495-photo-15646799255d431ef511676.jpg",
                "location": "البحر الأحمر",
                "status": "قيد التشغيل",
                "budget": "غير متاح",
                "date": {
                  "start": "2017",
                  "end": "2019"
                },
                "capacity": "0.262 جيجاواط",
                "description": "مشروع يهدف إلى استغلال طاقة الرياح في منطقة البحر الأحمر.",
                "details": {
                  "openWords": "يساهم في تنويع مصادر الطاقة في مصر، وتقليل الانبعاثات الكربونية.",
                  "area": "غير متاح",
                  "technology": "توربينات رياح أفقية",
                  "phases": [
                    "المرحلة الأولى: 2017-2018",
                    "المرحلة الثانية: 2018-2019"
                  ],
                  "benefits": [
                    "توفير طاقة نظيفة ومتجددة",
                    "تقليل الانبعاثات الكربونية",
                    "توفير فرص عمل",
                    "دعم التنمية المستدامة"
                  ],
                  "partners": [
                    "هيئة الطاقة الجديدة والمتجددة",
                    "عدد من الشركات العالمية"
                  ]
                }
              },
                {
                "id": "98765",
                "title": "مزرعة رياح طاقة الرياح بخليج السويس بقدرة 500 ميجاوات",
                "category": ["طاقة رياح"],
                "image": "https://egy-map.com/uploads/projects/photos/495-photo-15646799255d431ef511f6f.jpg",
                "location": "السويس",
                "status": "تم توقيع الاتفاقيات",
                "budget": "600 مليون دولار",
                "date": {
                  "start": "2023",
                  "end": "2025"
                },
                "capacity": "0.5 جيجاواط",
                "description": "محطة طاقة الرياح بخليج السويس، باستثمارات تقدر بنحو 600 مليون دولار.",
                "details": {
                  "openWords": "يأتي المشروع في إطار الجهود المستمرة لتعزيز قدرات مصر في مجال الطاقة المتجددة؛ حيث يهدف المشروع إلى دعم استراتيجية مصر الوطنية للطاقة المتجددة التي تستهدف تحقيق 42 بالمئة من مزيج الطاقة من مصادر متجددة بحلول عام 2030.",
                  "area": "غير متاح",
                  "technology": "توربينات رياح حديثة",
                  "phases": [
                    "المرحلة الأولى: 2023-2024",
                    "المرحلة الثانية: 2024-2025"
                  ],
                  "benefits": [
                    "توفير طاقة نظيفة ومتجددة",
                    "تقليل الانبعاثات الكربونية",
                    "دعم استراتيجية مصر الوطنية للطاقة المتجددة",
                    "جذب الاستثمارات الأجنبية"
                  ],
                  "partners": [
                    "وزارة الكهرباء والطاقة المتجددة",
                    "شركة إيميا باور الإماراتية"
                  ]
                }
              },
              {
                "id": "09876",
                "title": "محطة كوم أمبو للطاقة الشمسية",
                "category": ["طاقة شمسية"],
                "image": "https://attaqa.net/wp-content/uploads/2024/04/e360367584297ee8d2d5afa709cd440e.jpg",
                "location": "أسوان",
                "status": "قيد التشغيل",
                "budget": "غير متاح",
                "date": {
                  "start": "2019",
                  "end": "2020"
                },
                "capacity": "0.26 جيجاواط",
                "description": "مشروع يهدف إلى استغلال الطاقة الشمسية في صعيد مصر.",
                "details": {
                  "openWords": "يساهم في تنويع مصادر الطاقة في مصر، وتقليل الاعتماد على الوقود الأحفوري.",
                  "area": "غير متاح",
                  "technology": "ألواح شمسية كهروضوئية",
                  "phases": [
                    "المرحلة الأولى: 2019",
                    "المرحلة الثانية: 2020"
                  ],
                  "benefits": [
                    "توفير طاقة نظيفة ومتجددة",
                    "تقليل الانبعاثات الكربونية",
                    "توفير فرص عمل",
                    "دعم التنمية المستدامة"
                  ],
                  "partners": [
                    "هيئة الطاقة الجديدة والمتجددة",
                    "عدد من الشركات العالمية"
                  ]
                }
              },
                {
                "id": "11223",
                "title": "محطة الزعفرانة للطاقة الشمسية",
                "category": ["طاقة شمسية"],
                "image": "https://media.elbalad.news/2024/10/large/940/9/130.jpeg",
                "location": "البحر الأحمر",
                "status": "قيد التشغيل",
                "budget": "غير متاح",
                "date": {
                  "start": "2018",
                  "end": "2019"
                },
                "capacity": "0.05 جيجاواط",
                "description": "مشروع يهدف إلى استغلال الطاقة الشمسية في منطقة البحر الأحمر.",
                "details": {
                  "openWords": "يساهم في توفير الطاقة النظيفة للمجتمعات المحلية، ودعم التنمية الاقتصادية في المنطقة.",
                  "area": "غير متاح",
                  "technology": "ألواح شمسية كهروضوئية",
                  "phases": [
                    "المرحلة الأولى: 2018",
                    "المرحلة الثانية: 2019"
                  ],
                  "benefits": [
                    "توفير طاقة نظيفة ومتجددة",
                    "تقليل الانبعاثات الكربونية",
                    "توفير فرص عمل",
                    "دعم التنمية المستدامة"
                  ],
                  "partners": [
                    "هيئة الطاقة الجديدة والمتجددة",
                    "محافظة البحر الأحمر"
                  ]
                }
              },
                {
                "id": "44556",
                "title": "محطة الطاقة الشمسية بمدينة السادات",
                "category": ["طاقة شمسية"],
                "image": "https://mediaaws.almasryalyoum.com/news/large/2015/06/11/338737_0.jpg",
                "location": "المنوفية",
                "status": "قيد التشغيل",
                "budget": "غير متاح",
                "date": {
                  "start": "2017",
                  "end": "2018"
                },
                "capacity": "0.02 جيجاواط",
                "description": "مشروع يهدف إلى توفير الطاقة النظيفة للمدن الصناعية الجديدة.",
                "details": {
                  "openWords": "يساهم في جذب الاستثمارات إلى المنطقة، ودعم التنمية الاقتصادية.",
                  "area": "غير متاح",
                  "technology": "ألواح شمسية كهروضوئية",
                  "phases": [
                    "المرحلة الأولى: 2017",
                    "المرحلة الثانية: 2018"
                  ],
                  "benefits": [
                    "توفير طاقة نظيفة ومتجددة",
                    "تقليل الانبعاثات الكربونية",
                    "توفير فرص عمل",
                    "دعم التنمية المستدامة"
                  ],
                  "partners": [
                    "هيئة الطاقة الجديدة والمتجددة",
                    "محافظة المنوفية"
                  ]
                }
              },
                {
                "id": "77889",
                "title": "محطة الطاقة الشمسية بمدينة الغردقة",
                "category": ["طاقة شمسية"],
                "image": "https://encrypted-tbn0.gstatic.com/images?q=tbn:ANd9GcQL5wwTCGIeSl-LJtd9YrOf3pl30wOlbVRtwg&s",
                "location": "البحر الأحمر",
                "status": "قيد التشغيل",
                "budget": "غير متاح",
                "date": {
                  "start": "2016",
                  "end": "2017"
                },
                "capacity": "0.01 جيجاواط",
                "description": "مشروع يهدف إلى توفير الطاقة النظيفة للمناطق السياحية.",
                "details": {
                  "openWords": "يساهم في تقليل الاعتماد على الوقود الأحفوري، ودعم السياحة المستدامة.",
                  "area": "غير متاح",
                  "technology": "ألواح شمسية كهروضوئية",
                  "phases": [
                    "المرحلة الأولى: 2016",
                    "المرحلة الثانية: 2017"
                  ],
                  "benefits": [
                    "توفير طاقة نظيفة ومتجددة",
                    "تقليل الانبعاثات الكربونية",
                    "توفير فرص عمل",
                    "دعم التنمية المستدامة"
                  ],
                  "partners": [
                    "هيئة الطاقة الجديدة والمتجددة",
                    "محافظة البحر الأحمر"
                  ]
                }
              }
          
    ],
    "categories": [
        "طاقة نووية",
        "طاقة شمسية",
        "طاقة رياح",
        "نقل الطاقة",
        "طاقة مائية",
        "كتلة حيوية"
    ],
    "locations": [
        "محافظة القاهرة",
        "محافظة الجيزة",
        "محافظة القليوبية",
        "محافظة الإسكندرية",
        "محافظة البحيرة",
        "محافظة مطروح",
        "محافظة دمياط",
        "محافظة الدقهلية",
        "محافظة كفر الشيخ",
        "محافظة الغربية",
        "محافظة المنوفية",
        "محافظة الشرقية",
        "محافظة بورسعيد",
        "محافظة الإسماعيلية",
        "محافظة السويس",
        "محافظة شمال سيناء",
        "محافظة جنوب سيناء",
        "محافظة بني سويف",
        "محافظة الفيوم",
        "محافظة المنيا",
        "محافظة أسيوط",
        "محافظة سوهاج",
        "محافظة قنا",
        "محافظة الأقصر",
        "محافظة أسوان",
        "محافظة البحر الأحمر",
        "الوادي الجديد"
    ],
    "statuses": [
        "مكتمل",
        "جاري التنفيذ",
        "قيد الدراسة"
    ]
} 